{
    "Version": 3,
    "Groups": [
	{
	    "Title": "App Settings",
	    "Settings": [
	    		{
				    "Type": "TextField",
				    "Title": "Security Message",
				    "Value": "",
				    "Key": "securityMessage"
				},
                {
                    "Type": "TextField",
                    "Title": "Phone Number",
                    "Value": "8883298942",
                    "Key": "phoneNumber"
                },
				{
				    "Type": "ToggleSwitch",
				    "Title": "Security Indicator",
				    "Value": false,
				    "Key": "securityIndicator"
				}
	     ]
	}
    ]
}